General reference,Culture and the arts,Geography and places,Health and fitness,History and events,Mathematics and logic,Natural and physical sciences,People and self,Philosophy and thinking,Religion and belief systems,Society and social sciences,Technology and applied sciences
Research,Culture,Geography,Health,History,Formal sciences,Science,People,Philosophy,Religion,Society,Technology
Library science,Arts,Places,Self care,Events,Mathematics,Natural sciences,Personal life,Thought,Belief,Social sciences,Applied sciences
Reference works,Culture,Earth,Healthcare occupations,By period,Mathematics education,Nature,Self,Philosophy,Allah,Society,Agriculture
Almanacs,Humanities,World,Self care,By topic,Equations,Biology,Surnames,Branches,Bible,Activism,Agronomy
Atlases,Classics,Bodies of water,Health promotion,Science,Heuristics,Botany,People,Schools and traditions,Buddhas,Business,Architecture
Biographical dictionaries,Critical theory,Cities,Life extension,Religion,Measurement,Ecology,Beginners and newcomers,Movements,Deities,Communication,Automation
Dictionaries,Cultural anthropology,Communities,Prevention,Historiography,Numbers,Health sciences,Biographies,Concepts,Demons,Crime,Biotechnology
online,Folklore,Continents,Sexual health,Timelines,Proofs,Medicine,Children,Theories,Exorcism,Education,Cartography
Directories,Food culture,Countries,Sleep,History by location,Theorems,Neuroscience,Heads of state,Arguments,God,Ethnic groups,Chemical engineering
online,Food and drink,Deserts,Skin Care,By continent,Fields of mathematics,Zoology,Humans,Philosophers,Jesus,Family,Communication
Encyclopedias,Languages,Lakes,Nutrition,Africa,Arithmetic,Health and fitness,Legal categories of people,Literature,Mythology,Finance,Media studies
online,Literature,Landforms,Dietary supplements,Asia,Algebra,Earth sciences,Men,History,Occult,Globalization,Telecommunications
Glossaries,Museology,Mountains,Dietetics,Europe,Geometry,Atmospheric sciences,Old age,By period,Prayer,Government,Construction
Handbooks and manuals,Mythology,Navigation,Nutrients,America,Trigonometry,Geography,Political people,By region,Prophecy,Health,Control theory
Lists,Philosophy,Oceans,Amino acids,By region,Mathematical analysis,Geology,Rivalry,Aesthetics,Quran,Home,Design
Medical manuals,Popular culture,Populated places,Minerals,North America,Calculus,Geophysics,Social groups,Epistemology,Religious ethics,Industries,Digital divide
Reference book stubs,Science and culture,Protected areas,Nootropics,South America,Logic,Oceanography,Subcultures,Ethics,Religious law,Infrastructure,Earthquake engineering
Reference works in the public domain,Traditions,Regions,Phytochemicals,Central Europe,Deductive reasoning,Nature,Women,Logic,Ritual,Law,Energy
Style guides,Arts,Rivers,Vitamins,Middle East,Inductive reasoning,Animals,city,Metaphysics,Spirituality,Mass media,Ergonomics
Trivia books,Entertainment,Subterranea,Nutritional advice pyramids,Oceania,History of logic,Environment,company,Social philosophy,Theology,Military,Firefighting
Web sites,Arts and crafts,Territories,Exercise,By country,Logical fallacies,Humans,continent,Thinking / Thinking skills,"Religious faiths, traditions, and movements",Money,Fire prevention
Academic disciplines,Celebrity,Towns,Aerobics,By city,Metalogic,Life,educational institution,Attention,Agnosticism,Organizations,Forensics
Archives,Censorship in the arts,Villages,Bodyweight exercise (Calisthenics),Empires,Philosophy of logic,Natural resources,ethnicity,Cognition,Animism,Peace,Forestry
Books,Festivals,,Cycling,,Mathematical sciences,Plants,descent,Cognitive biases,Atheism,Politics,Industry
Clients,Humor,,Exercise equipment,,Computational science,Pollution,origin,Creativity,Deism,Real estate,Information science
Curricula,Literature,,Exercise instructors,,Operations research,Physical sciences,medical or psychological condition,Decision theory,Determinism,Rights,Internet
Databases,Museums,,Dancing,,Theoretical physics,Astronomy,nationality,Emotion,Esotericism,War,Management
online,Parties,,Exercise physiology,,Statistics,Chemistry,occupation,Error,Gnosticism,Social sciences,Manufacturing
Distance education,Poetry,,Hiking,,Analysis of variance,Climate,political orientation,Imagination,Humanism,Anthropology,Marketing
Grammar,Performing arts,,Pilates,,Bayesian statistics,Physics,religion,Intelligence,Monism,Archaeology,Medicine
Government agencies,Circus,,Running,,Categorical data,Space,revolution,researchers,Monotheism,Cultural studies,Unsolved problems in neuroscience
Indices,Dance,,Sports,,Covariance and correlation,Universe,status,Learning,Mysticism,Demographics,Metalworking
Information,Film,,Swimming,,Data analysis,Scientific method,year born,Memory,New Age,Economics,Microtechnology
Knowledge,Music,,T'ai Chi Ch'uan,,Decision theory,Scientists,year deceased,biases,Paganism,Information science,Military science
Libraries,Opera,,Walking,,Design of experiments,,Lists of people,mnemonics,Pantheism,International relations,Mining
digital,Storytelling,,Weight training,,Logic and statistics,,Personal timelines,Perception,Polytheism,Linguistics,Nanotechnology
Library cataloging and classification,Theatre,,exercises,,Multivariate statistics,,Terms for males,Problem solving,Shamanism,Media studies,Nuclear technology
News agencies,Visual arts,,Yoga,,Non-parametric statistics,,Activists,Psychological adjustment,Skepticism,Political science,Optics
Periodic table,Architecture,,Hygiene,,Parametric statistics,,Actors,Psychometrics,Spiritualism,Psychology,Plumbing
Prefixes,Comics,,Cleaning,,Regression analysis,,Astronauts,Qualities of thought,Theosophy,Public administration,Robotics
Reading,Crafts,,Oral hygiene,,Sampling,,Billionaires,,Transcendentalism,Sexology,Sound technology
Research,Design,,Positive psychology,,Statistical theory,,Chief executives,,Unitarianism,Social scientists,Technology forecasting
Search engines,Drawing,,Mental health,,Stochastic processes,,Composers,,Agnosticism,Sociology,Tools
Suffixes,Film,,Psychotherapy,,Summary statistics,,Cyborgs,,Atheism,Social work,Computing
Topics,Animation,,Public health,,Survival analysis,,Defectors,,Ayyavazhi,Systems theory,Artificial intelligence
Universities and colleges,New media art,,Health by country,,Time series analysis,,Generals,,Bahá'í Faith,,Classes of computers
Writing,Painting,,Healthcare,,Uncertainty of numbers,,Humanitarians,,Buddhism,,Companies
,Photography,,Health law,,,,Innovators,,Cao Dai,,Computer architecture
,Sculpture,,Health promotion,,,,Inventors,,Chinese folk religion,,Computer model
,Games,,Health standards,,,,"Lesbian, gay, bisexual or transgendered (LGBT) people",,Christianity,,Computer engineering
,Toys,,Hospitals,,,,Monarchs,,Confucianism,,Computer science
,Board games,,Occupational safety and health,,,,Musicians,,Druidry,,Computer security
,Card games,,Pharmaceutical industry,,,,Musical groups,,Falun Gong,,Computing and society
,Dolls,,Pharmaceuticals policy,,,,Philosophers,,Hinduism,,Data
,Puppetry,,Safety,,,,Photographers,,Islam,,Embedded systems
,Puzzles,,Health science,,,,Politicians,,Jainism,,Free software
,Role-playing games,,Clinical research,,,,Presidents,,Judaism,,Human–computer interaction
,Video games,,Diseases,,,,Princes,,Mormonism,,Information systems
,Sports,,Epidemiology,,,,Princesses,,Neo-druidism,,Information technology
,Recreation,,Midwifery,,,,Revolutionaries,,Neopaganism,,Internet
,Air sports,,Nursing,,,,Scientists,,Rastafarianism,,Mobile Web
,American football,,Nutrition,,,,Settlers,,Satanism,,Languages
,Association football,,Optometry,,,,Singers,,Scientology,,Multimedia
,Auto racing,,Pharmacy,,,,Slaves,,Shinto,,Networks
,Baseball,,Public health,,,,Victims,,Sikhism,,Industrial Networks
,Basketball,,Medicine,,,,People associated with war,,Spiritism,,Operating systems
,Boating,,Human medicine,,,,Writers,,Taoism,,Platforms
,Boxing,,Alternative medicine,,,,Self,,Tenrikyo,,Product lifecycle management
,Canoeing,,Cardiology,,,,Alter egos,,Unitarian Universalism,,Programming
,Cricket,,Endocrinology,,,,Consciousness studies,,Wicca,,Real-time computing
,Cycling,,Forensics,,,,Gender,,Zoroastrianism,,Software
,Exercise,,Gastroenterology,,,,Personality,,Mythology,,Software engineering
,Fishing,,Human Genetics,,,,Sexuality,,Mythology by culture,,Unsolved problems in computer science
,Golf,,Geriatrics,,,,Sexual orientation,,Abrahamic mythology,,Electronics
,Gymnastics,,Gerontology,,,,Personal life,,Buddhist mythology,,Avionics
,Hobbies,,Gynecology,,,,Clothing,,Christian mythology,,Circuits
,Horse racing,,Hematology,,,,Employment,,Hindu mythology,,Companies
,Ice hockey,,Nephrology,,,,Entertainment,,Islamic mythology,,Connectors
,Lacrosse,,Neurology,,,,Food and drink,,Jewish mythology,,Consumer electronics
,Olympic Games,,Obstetrics,,,,Games,,Criticism of religion,,Digital electronics
,Rugby league,,Oncology,,,,Health,,,,Digital media
,Rugby union,,Ophthalmology,,,,Hobbies,,,,Electrical components
,Sailing,,Orthopedic surgical procedures,,,,Home,,,,Electronic design
,Skiing,,Pathology,,,,Income,,,,Electronics manufacturing
,Swimming,,Pediatrics,,,,Interpersonal relationships,,,,Embedded systems
,Tennis,,Psychiatry,,,,Leisure,,,,Integrated circuits
,Track and field,,Rheumatology,,,,Love,,,,Microwave technology
,Walking trails,,Surgery,,,,Motivation,,,,Molecular electronics
,Water sports,,Urology,,,,Personal development,,,,Water technology
,Whitewater sports,,Dentistry,,,,Pets,,,,Optoelectronics
,Mass media,,Dental hygiene,,,,Living people,,,,Quantum electronics
,Broadcasting,,Orthodontics,,,,,,,,Radio electronics
,Film,,Veterinary medicine,,,,,,,,Semiconductors
,Internet,,,,,,,,,,Signal cables
,Magazines,,,,,,,,,,Surveillance
,Newspapers,,,,,,,,,,Telecommunications
,Publications,,,,,,,,,,Terminology
,Publishing,,,,,,,,,,Engineering
,Television,,,,,,,,,,Aerospace engineering
,Radio,,,,,,,,,,Bioengineering
,,,,,,,,,,,Chemical engineering
,,,,,,,,,,,Civil engineering
,,,,,,,,,,,Electrical engineering
,,,,,,,,,,,Environmental engineering
,,,,,,,,,,,Materials science
,,,,,,,,,,,Mechanical engineering
,,,,,,,,,,,Nuclear technology
,,,,,,,,,,,Software engineering
,,,,,,,,,,,Structural engineering
,,,,,,,,,,,Systems engineering
,,,,,,,,,,,Transport
,,,,,,,,,,,By country
,,,,,,,,,,,Automobiles
,,,,,,,,,,,Aviation
,,,,,,,,,,,Cycling
,,,,,,,,,,,Public transport
,,,,,,,,,,,Rail transport
,,,,,,,,,,,Road transport
,,,,,,,,,,,Shipping
,,,,,,,,,,,Spaceflight
,,,,,,,,,,,Vehicles
,,,,,,,,,,,Water transport
,,,,,,,,,,,Technology timelines